,value,value,value,value,value,value,value,value,value,value,value,value,value,value,value,value,value,value,value,value,value,value,value,value,value,value,value,value,value,value,value,value,value,value
movie_id,1,2,3,4,5,6,7,8,9,10,11,12,13,14,15,16,17,18,19,20,21,22,23,24,25,26,27,28,29,30,31,32,33,34
user_id,,,,,,,,,,,,,,,,,,,,,,,,,,,,,,,,,,
1,4.003183348823301,3.9202803458496085,4.155766386830743,3.527658246269973,3.920483869580755,4.143395015156745,2.6556521950871286,4.067057352328613,4.010440171512858,3.8057838707454206,3.5366065540834795,3.5595816797115036,4.960103334056336,3.999346779759516,3.2665458727676686,3.8877387864613877,2.362835688592134,3.1495093617503818,4.109521487592911,3.4040224977261135,4.011649451617988,3.6098511390530916,3.4819937023327157,3.798506115292068,3.7971667450827544,3.984578841775144,3.3310793822572675,3.9905290802945808,3.457486031680178,3.104614832767419,2.7206194854296126,3.3525898357676867,3.042511660325455,4.565948122963147
2,4.970688910181479,4.967979262347567,4.44561093090133,3.9030767679416822,4.832111691235976,4.706177394014589,3.393728098007214,4.699095575087648,4.532289471493207,4.837699983914822,3.9618139314188996,4.067397498488846,4.7751756596032955,4.012889855457207,3.998497514075145,4.217458393132345,2.5225285440062044,3.54313353614692,4.1980146173407835,4.397602237921445,4.993925411227031,4.573597863374238,3.822637588092403,4.73261278147185,4.314580444304147,4.4941230744365885,4.414926815120783,4.164707590993903,3.4628549344844135,4.390780826597456,2.994316244908666,4.346927268227343,4.012616547561568,3.9994162910712814
3,4.017188559114887,3.9856749829645106,4.955720631276522,4.088410605097204,4.528660817582853,4.271261870797703,2.81849871218592,4.338399572215974,4.491343846503167,4.3680002930312325,3.7252699217962935,3.5316597607328304,4.964886369221299,4.196332099070757,3.4437322914406794,3.621964640853344,2.7248366581593344,3.4182525714197842,4.208878154259122,3.5016922173340164,4.440274994425558,3.0109534498814945,3.0160058947863817,3.8631333723378103,4.081186699982136,4.317272762627693,3.8805239131992337,4.474589924341889,3.2063135850322535,3.2346982573482075,2.2281724939544816,2.5870478857372476,3.445827949497371,4.594375528840333
4,4.991062979585931,4.9872720143435725,4.929467096412359,4.961940582507814,5.010575139692875,4.961504034770536,3.944072340355801,5.0763548791044135,4.952338625973334,5.017428292555607,4.5117240311117035,3.822628873165729,5.000339086605683,4.204006300034543,3.5828632559492917,4.372277664284992,3.1142168247307778,3.541458068560423,4.341338272045873,3.981574207335655,4.721623833483959,4.591431393968698,3.598928276921803,4.979603410276873,4.062681658834535,4.74198555778815,4.503383561116677,4.906966860192702,3.1170347487595973,3.4151176233188214,2.006072990287548,4.223411030022036,4.171985927193281,4.644051047917753
5,4.980600224985932,4.240466687973533,5.461878674862943,4.372652905550087,5.164788507307356,4.553469447548533,3.1548778863201368,4.636186988524417,4.982084800614063,4.920498791121926,4.143816896623303,4.107826152493101,4.965039794643975,4.678890413633212,3.2908861229465987,4.270647609461657,3.0233175423431504,3.437083910782386,4.969735923742166,3.390553528734205,3.995039641472344,3.4887648665088142,3.1089172234726146,4.433572421317315,4.504458703736826,4.722458516992597,3.7370217669834127,5.075992724124265,3.0172496530822075,3.611334944640198,2.9962744998096893,2.031799054353183,4.980745873815852,4.98731337205885
6,4.97064262055307,4.964544618349137,4.169825795329728,3.8784639681884374,4.506657720888574,4.541494949778587,3.553160399158516,4.708556057815441,4.287472860852077,4.623741286167841,3.8845125502208115,3.787855956476167,4.32124686775861,3.631730863256937,3.906076529608282,4.099688554626884,2.547864981697988,3.086186531681588,3.736002985445974,4.183162414559359,4.887591004521861,4.814679760138395,3.9074050310445596,4.8461658628420405,4.0155207026951345,4.218205523071698,4.733902772079315,3.8388902679982078,3.4762893915088857,3.81277725210494,2.0107163844426137,4.979283347682365,4.001677161924324,3.0166568560223026
7,4.978857699427868,4.1845426077473045,4.219884199384211,2.041087766390067,4.145949155301502,4.23937899729672,2.828729882655207,4.041233386391685,4.001625343764655,4.114829029679893,3.3269082755724364,4.967689082574282,4.988569588143248,4.91348708957704,4.040834075566628,4.983497249669,2.1576640885935783,2.939429400050828,4.2588116734884895,4.517597973579745,4.619119840853648,4.99594295047353,4.981608879031823,4.693073074635179,4.547210121406276,3.9872093791407175,3.796597103613778,3.6678520914401056,5.168052182535722,4.44458985695294,4.287894393186491,4.517976300442666,4.5836741088127,4.002947909758763
8,4.033184020338335,4.611191790832067,4.988331758873588,4.093808215547428,4.812569828841279,4.380055492777559,3.453100753063648,4.457000239073797,4.893611233535958,5.002095915980449,4.261181883459675,4.029756363315798,4.414984975182313,4.984760488300857,3.481972805869274,4.0480567661386955,3.3203415653009087,4.0602909968880585,3.668885256658886,3.940484175960704,5.040016367171748,3.6351696842200076,3.001188680250092,4.479850294939378,4.267337810180512,4.697585660093875,4.961269699658577,4.964582220164325,3.401744489894872,3.4747923021172515,2.0976121820831506,3.1553206173821726,3.7960819243508666,4.456147020925161
9,4.985854597662752,4.64045788481986,4.9991264528590875,4.1429805311354215,4.871326538078154,4.667853848298153,3.4072390865565967,4.796238662795533,4.769577427539588,4.763066995797761,4.352204822503866,4.2899611057524645,4.9990379614592495,4.8681100354210445,3.362234988801316,4.977769424274264,2.9895887700177575,3.4540726622438362,4.3679989399509145,3.5898935547956907,4.595366699783983,4.5655143230726285,3.9729977595215615,4.753338431461364,4.420861821578993,4.7431237334376375,4.05375494460197,4.974984910486029,3.9982885069513077,3.448299537397766,2.6132878754202418,3.7356038727086287,4.461346607234524,4.891537474665977
10,4.009591215140753,3.9844762369493165,4.000576854286097,2.5242730203797983,3.9242679936317137,4.2517450048769,2.7783448686095373,4.018308748984188,4.007732816966961,3.9033182533391217,2.5110572482910527,4.011380056374411,4.9903983988356195,3.01909671896446,4.950834294467697,3.549646745062589,2.9276368928932306,2.7903012796287356,4.5089397189417095,5.080295122526073,3.9786564963334548,4.001612739359853,4.960469647959629,4.037181697688695,3.6447316212680163,3.5720384864518735,3.897575174790973,3.2073323391453052,4.997894997966201,5.323340926373216,2.9668354087538673,4.655522802782231,3.3024527972390185,4.017730277086706
11,4.958854993855872,4.008150282968902,4.975771450263262,3.5697415469617413,4.604548456323595,4.333090066863041,2.701964837534897,4.4193332843053135,4.314199608890223,4.532050246075684,3.7018728985350813,4.157016593831613,4.455231415815372,4.96988250576024,3.3098796044491356,4.018394779882239,2.8037961981136954,3.37752573632565,4.022275082729439,4.07390597672264,4.566214416325901,4.1254484804243745,3.2105262050889523,4.328462701546797,4.397590756792011,4.057712782179267,4.187589865850901,4.180500131174829,3.778528164456281,2.9934749553684603,3.2240572221642423,3.1332512210957835,4.994795391624567,3.013177324002101
12,4.989606031895149,4.648858664563426,4.982033734074466,3.9985824897040967,4.919273731316904,4.876872753861837,3.5071720929111407,4.981910774983434,4.768220573370597,4.759867560360011,3.3324225075587735,4.0229940233165085,5.238394621231369,3.0268062378571043,4.975817953940236,4.02116738159651,3.352866547469057,2.8324315235238933,4.955637772399118,4.919826813741128,4.349296595347782,4.394358608748954,4.974386766748529,4.725898587466756,4.003442527970672,4.3025872573707575,4.388786271438762,4.145824895690369,4.675813961596879,5.200334022496394,1.9757502710314319,4.6381759135073235,4.225743561261894,4.202991574781148
13,4.001971670158542,4.3309426240013265,4.1735413909086745,3.7698781474091723,4.860430889501375,4.1014547285219765,4.927608670215508,4.055905485209902,4.536398957820592,4.940504937656705,3.5510547611609944,3.5315799216794073,4.00118708322108,2.980082073375474,3.9735613589826224,3.4051623034579905,1.7770121332883262,2.746494367279259,2.787531061411582,4.136526605407889,4.894409709051742,4.007956695780161,3.0102174552111616,5.362765507365215,3.2991093466941854,3.971441708578077,4.6721675659751,3.971272391085791,2.050292007698541,4.13233959882346,0.7968240856168373,3.9317826616841316,3.9709929456930118,4.2089859087377
14,4.976509884699803,4.032878720337758,4.991709246808972,3.803645829537534,4.986224674454286,4.557517851435504,3.661316972957674,4.614318609892062,4.534542237030717,4.652270235593472,3.6386762766629097,4.149755516276214,4.984329759138565,4.417500428852379,3.73416764895623,4.383349430284843,2.5341589424320206,3.0289446267331055,4.191098124582439,3.9735346843476154,4.785262744013552,4.521138043977936,3.794350425482107,4.970673594756198,4.24468223323879,4.120556863750756,3.95631793658876,4.286250379030461,3.8371789531892846,3.4461934147282975,2.6479835573127666,4.005956713438392,5.1990359078075,4.497090834821959
15,4.974872873148353,4.762498737587427,5.005692961239773,4.969954372089099,4.968998280232881,4.877331547472188,3.5705842199386257,5.043826986963526,4.91031843403474,4.858059005159555,4.332868220839143,3.7637313375306376,4.995047974790533,4.008344579788463,3.5270785554630066,4.313211211485132,3.2079906276324066,3.514364678325272,4.464874136088478,3.6990457666634744,4.251446926520903,4.349312086324605,3.5361348368588574,4.660798976778672,4.049973679073341,4.707629329827329,4.1248848034528285,4.979877013907848,3.3235330434698778,3.388179113035004,1.8518304803910188,3.582870222668276,4.100237557126992,4.572401935334107
16,4.0081725611354635,3.83494621115936,3.9919368296142346,2.9035943633963663,4.558195923095901,4.235585802251107,3.124018252714591,4.003001675695064,3.9070548730166665,4.444586039368473,2.7651727386589835,3.653355904834086,4.027440503650056,3.5740895628043683,3.9668984041165922,3.6734204938351973,3.111051822650523,2.9780021156916323,3.85747420986369,4.582393086133691,4.508372977602517,4.328344730783325,3.8245156026804383,4.200194415327649,3.4314290023111234,3.373946550457958,3.8982031407398323,3.1642446242265154,3.8775249496774946,4.974826686917055,3.681589084225403,4.983307090391704,4.980409543698985,3.997998161695424
17,3.998179788929568,3.997444673165387,4.028496602900401,3.547546325825684,4.920789035704627,4.150101617749999,2.885819823207,4.141081283400396,4.09925906806362,4.515244977647741,3.045419579315541,3.504568636878469,3.988725989722416,3.517619230533369,3.710258437022392,3.4966740284030617,2.34733317759322,3.9487727551453498,3.2752320234969856,3.4096525017104544,4.710931569595411,3.8276585255087743,2.4661503161793963,4.016956476820336,4.0397601964800565,3.8781184348077837,3.736608348490743,3.7159217754834715,3.181101359209341,4.1941195346741615,2.6388868140274044,3.317059482093347,4.199732433497041,3.9647861249131746
18,4.9855470568757205,4.494767253275283,4.9863681420310995,3.76120809634419,4.958320883861247,4.589571475120879,2.9215488485979004,4.7287552069482395,4.647922148027667,4.6904331173838765,3.9205298503014125,4.392179202518109,4.998529884416121,4.991837478425081,3.7826257113774897,4.539005872182632,2.738062057979431,3.9072937817206252,4.3790339650926215,3.6258732247163183,5.002946595308549,4.258936341269905,3.525972437342222,4.5814367606725135,4.97118649121657,4.594666680481808,4.288409145977459,4.5355689996572215,4.1667786776186855,3.529156132586512,3.094597961010157,3.5066171037153477,4.689537934752862,4.276229584457601
19,4.922779407702928,4.989244563000988,4.486261287233684,3.8939974245160536,5.344499723092018,5.0164742819070405,3.362693751528348,4.879862221023049,4.970784690703214,5.176548922390663,3.5935567960574017,4.655949546996848,4.875747752183471,4.298882895416961,4.977169296735669,4.015270060570825,2.8343243081501734,5.11549401773906,3.8007914048072293,4.364746884309289,5.000074091163099,4.965239811605425,3.0143529406761482,5.004559362914042,4.979567052063646,4.607429271367448,5.018140593463302,4.327621395183853,4.307381727825944,4.8714594642223465,2.9883845471566692,3.835334053990121,4.655107258764609,3.5805059042693985
20,4.727068486374377,4.972062999928364,4.470765817494504,3.9893342781166634,4.9891438714657035,4.779902428747775,3.8981472078506023,4.676604992562739,4.695319259300323,4.982474443056592,4.016238588447847,4.074132303948483,4.938273023883968,4.01627672417055,4.069346776085406,4.31882374266329,2.6409898245555326,3.529315312144001,4.2561649039498475,4.582043465984602,5.185485784900362,4.617837292232182,3.9967425932440603,4.976671091843857,4.1329637074860095,4.539127808255135,4.409721496780099,4.325414278629535,3.354463674256402,4.6462578485213015,2.990854436074106,4.731937623201821,4.002248385119373,4.990888849906185
21,3.089444612213987,3.966532495494229,3.1648168433659083,3.242055603821813,3.0095699300276553,2.9250926444596996,2.415261831043169,3.021607996958055,3.4544133991448445,3.4961003189413633,3.961288997631451,2.6838576767081554,3.007913435294985,3.26420811546762,1.6552681695472349,3.1944303195876964,1.352087579412859,2.567771449583331,2.426221153078565,1.9998361887418175,3.002995525740759,2.281313568748251,1.8587190272364205,3.0107175912978517,2.9093737809999314,3.9645730667749093,3.1580267320576647,3.9921078927588485,1.0058451429877295,2.244416629416541,1.0409486323145898,1.0085405533330876,1.244740222448998,3.026041270737066
22,4.383843089089973,4.009757618638059,3.8009101290494365,3.310778551755245,4.377518978254454,4.168120051184112,3.983960227459449,4.037232410494111,3.9993414425768874,4.34848498701677,3.4596502079315554,3.80468213863711,4.070617729653522,3.8583237403297233,3.33545285660845,4.111963279323958,2.0813496094048354,2.897153927835795,3.0037154395180963,3.9096768540536715,4.462117708917041,4.968288649414648,3.403135005495876,4.975353701536422,3.406736578869233,3.6102935850412927,3.888596934986076,3.682180162961878,3.1427548862736416,3.3461585986952107,2.3626520865540637,4.636723368466545,4.573464620443506,3.8600676285518545
23,3.776988937425938,3.9853922988884074,3.770275246532771,2.7951233664780286,3.7527760806120143,4.151823409138223,2.0086782102366323,3.7772428352189515,3.765224310041793,3.7611688656037625,3.439586224065526,3.9618385312839903,4.843444423438428,4.9847704627470595,3.095757046742208,4.069267202163314,2.8339517831663725,3.890878372352522,4.336423743439626,4.239338350121787,4.4647366934762305,3.91126814290908,3.655676047943868,3.4293631852391044,3.997373069196593,3.8692648966870276,3.218152716554443,3.748899835527569,3.985356936538296,3.628470169056681,4.978015691607419,4.003827203825782,3.0152806381409016,4.986614295922417
24,4.9761000545815275,4.9962962192585225,4.979253265015008,3.6981227640924605,4.990048521539396,4.998368966574119,3.58733591294383,4.972610133214923,4.896878455133976,5.009338354552978,3.7003939768708114,4.520983349307887,5.341312023710853,4.154338353546933,4.977729341935476,4.396608077592711,3.4220169110377903,3.4951706535063973,4.852631628589547,5.296608335599217,5.1971812921629565,4.735751126274403,4.969583917134395,5.003008167402498,4.487119408261965,4.551913363577634,4.977680304980998,4.278998702362358,4.905105488922816,5.222148696908746,2.982305412699247,5.189987989390083,4.3636458736431925,4.468674345361117
25,4.417882736452733,4.974665072657931,4.019641142260379,3.6244020852510794,4.750330612100865,4.365675895134233,3.9175266982721095,4.315653684307155,4.493824196546396,4.98279200474976,3.9168097194240494,3.9722593229728864,4.006705531846851,3.8990897283181436,3.9369141462463677,3.8742761626532043,2.269002553706274,3.7214273012579953,3.1427450614250687,4.2372483676972434,5.1427861952857015,4.475598692807126,3.113029345144914,4.976617328505583,4.0418918025175925,4.351497866699457,4.979608791407381,4.029708586161906,2.827677161554327,4.338552919499779,2.241398498008581,4.219977714034616,3.8742723107245727,3.516761375350547
26,4.94524312798231,4.9961737430922994,4.694590908612506,4.147640827286521,4.998336534278774,4.99130175821602,3.585864821746366,4.9801528873199885,4.816539360017796,5.014576493374683,4.023943403126561,4.295828743785041,4.933306080899909,4.527378851249301,4.29143545227277,4.359380758213012,3.2528673404999306,4.085614076841306,4.180371686298187,4.502435831525752,5.136562822129706,4.982853390208754,3.8154819690848427,5.001131132454004,4.481608058932677,4.535283732497121,4.968465774999061,4.394329003343592,4.157059200124946,4.147657447395627,2.8591930803094114,4.872275072819471,4.580448052746306,4.001504848530012
27,4.929900251101837,5.011954388955019,5.081391314732627,4.598193467605029,4.986798269096447,4.723420690373332,3.9267374805234554,4.829508841925381,4.912968129907559,5.114151714127991,4.939978464684912,4.0655129686921985,4.921965059111102,5.0447761593701586,3.0061545259907705,4.865961594385068,2.6364929184636723,3.404313165527155,4.078220666393016,3.7418020914313836,5.179194220877573,4.394251366040677,3.5606699289714285,4.994034140597831,4.282401083252457,4.994083628709339,4.469456943833346,5.173431003009553,2.864902458031526,3.21145946870383,2.4621948394743836,3.779275451476078,4.136759548803064,5.001018768068236
28,4.945067806257214,5.0017599055497035,5.158077383117186,4.185596352812706,5.271645464492765,4.807881431847403,3.5431156564811825,4.94546993500659,5.0942200712560926,5.197471666464342,4.311107722218494,4.514496974121186,4.978428085365797,4.9981706410315425,4.079255841336269,4.569487153134945,2.989563702679072,4.263957035099754,4.186084193440234,3.9671535258357604,5.341787935522294,4.3815395454713535,3.4832484598643045,4.995635594491704,4.979449704526394,4.9828886717073875,4.979448208361077,4.976565272298287,3.973157551181846,3.9313149632494113,2.5122018191271773,3.63801472273754,4.483396604417267,4.480144690818069
29,4.992477473013969,4.976992719931295,4.793947296603042,3.993634186337805,4.9943664203246305,4.783154530719628,3.6181011752161227,4.815115270824622,4.769776423578308,4.972641305945986,4.424947330071621,4.399072684416721,4.999906093587578,4.992631427612311,3.6224750974109776,4.977317040013463,2.764321949454253,3.72415218872527,4.2207356164110275,3.9588661197921713,5.254194877823526,4.81518105785277,3.967897787648296,4.993237784910694,4.593064816783819,4.804474982687079,4.467547770572583,4.746519132023576,3.844224149233669,3.8923680530302143,3.1032280859630426,4.42364840143956,4.45864195631441,4.881666617314633
30,3.970354021627444,3.908084841617577,4.9747910970396605,4.12264405141971,4.9817021735421445,3.699185573870907,3.2749667732441003,4.051078223978988,4.555939299462263,4.9672253794916665,3.8694118061131775,3.3953116920888307,3.046866725157029,3.9938480449574874,2.510874312206729,3.698908962298424,3.124989900387481,3.1343289733100104,3.0146683109129837,3.0456632923822657,4.004751676214515,3.007999414916213,2.22490980795388,4.002585176982739,3.553621340493413,4.302084669407385,4.009869004031021,4.956209020671621,2.439937452018435,3.2735462668461484,0.9873012893252513,1.466651477560132,4.3940399584533765,3.704476749592357
31,4.528274076707131,4.582473893407699,5.00085750379641,4.306125634762309,4.938883889850649,4.667484291490126,3.4794065014485165,4.763896945261579,4.95825552617735,4.826409049515871,4.027169925300933,4.111910202924522,4.97048513629364,4.309584414854131,3.8791247563345976,4.362826218068983,3.3565083482297924,3.781633969291806,4.3556202651039015,3.826826143860706,4.4113897350222935,4.100537853811417,3.716272434562674,4.606098842451866,4.259424553374328,4.6979862966413135,4.292646609899048,4.988430006627445,3.991210731520235,3.872002178902142,2.0048192390502915,3.4192745166723055,4.0019751247643445,4.992701507939418
32,4.526466565010505,4.304010459253235,4.978170173761215,4.958291366042707,4.684501663766988,4.796720300685667,2.9858894956776227,4.903011900653402,4.643847419947281,4.529286218779926,4.048126051039286,3.402676991670293,4.9895390829234785,4.073850934674616,3.24991643532651,3.9971699286291504,3.6721515736406003,3.5146084711614822,4.594632339901115,3.6961689011782353,4.001032251069965,3.985501520955976,3.3905697441427374,4.022848195688842,3.738875710701164,4.360126451547379,3.7679100823421683,4.755092980515734,3.5088498113755464,3.061348605214647,2.2690731182268324,3.591135788555756,3.971029239745569,4.613416118994395
33,4.993220552024609,5.0188520740546405,5.001668215411595,4.619034499305368,5.3871533960117945,4.986258514976736,4.948851341635293,4.983488261112625,5.102348924977619,5.422592195755459,4.447641454226026,4.114554420482512,5.000108264869686,4.215232773927184,3.9664492592745995,4.563398415053376,2.740252177311364,3.202214415516475,4.002849935625063,4.626847249951271,5.4420268456119985,4.993079932848683,4.000435560085993,5.767066736575202,3.9522715541540343,4.677734900119467,4.876066270921905,4.810736615061407,3.0432705409605454,4.095764238537636,1.9856274242237426,5.0200249507626795,4.7629006283738065,5.197300038423167
34,4.343221928293347,4.500913975304384,4.999780275100629,4.75717046845242,4.70017714144014,4.830161465411777,4.0415458591376945,4.628168301643463,4.957041770705535,4.979444205253053,4.246720344957738,3.692605169010137,4.974682162957583,3.8354655566412896,3.5329587821805486,3.9998415644683014,3.6173759320008645,3.0207399875627416,4.365457486183224,4.836849244905482,3.857568560486894,4.165202620744543,3.9360611742565563,4.616743064790249,3.0520735134124086,4.423631147692142,4.090554909255712,4.982250400843161,3.088499573700795,4.140842019172564,2.166138799507551,3.685656839425262,3.7422666802072255,5.076875113855415
35,4.90605387113137,4.622110556141329,4.99638671920367,3.3035492629853676,5.102144819930064,4.544703854461945,2.8061412928515495,4.437178891966716,4.912597618924681,4.9989779452769145,4.00583934540584,4.984547491598763,4.997670916372449,4.9885158836994865,4.0285600500618175,4.961098721509056,2.4538733130639296,4.210883557325681,4.093993089675125,3.5937499936756834,4.301910591052282,4.2304497461506525,3.582408585988581,4.484610228040988,4.995654968060022,4.9902919794322935,4.008014645769152,5.003688015149748,4.472754037109925,4.977306542732346,3.4071918729003383,2.0255862965583087,4.4667112890024185,4.433964266643348
36,4.613539511915798,3.998807784076349,4.978021885157831,3.6973779863764857,4.35798974366574,3.9984559216466447,4.288068333348763,4.334240704586957,4.275019657888989,4.327979106041892,3.8752680020661128,3.5053874728908934,4.600759158006225,3.5795750998398725,3.112135111418365,4.491846443637937,2.4403898377295494,1.0223900047732264,4.249900198723673,3.9344169250631698,4.561690972195952,3.8883601634707734,4.97788646232398,4.96700892530077,3.270386753541217,4.0136958412524795,3.8197940282895275,4.280437634626397,3.2366980527081237,3.119448114866822,1.0099436016337187,4.566467252513445,4.201291749105343,4.992880249434775
37,4.99744850195297,5.118161972839806,5.003163183300862,4.707424104376477,4.891789198130807,4.850405660804763,3.7807916204455947,4.979494472290559,4.874302437406206,4.99724988395317,4.952199920359856,4.007069441173268,5.07082535606981,4.970771704044111,3.0634613775655954,4.989232574436658,2.896124571917363,3.4135033715426455,4.347686724911543,3.700630116865436,5.083599761260255,4.5720519948202964,3.847603167004927,4.906424485519924,4.282499857481474,5.000561529301389,4.410770097902727,5.125042214240135,3.160378358659768,3.21081143090633,2.557431244942795,4.241848084042205,4.055669926853617,5.0926835932829295
38,4.176859490570112,3.739682742022353,4.952509749642652,3.65601540412622,4.965061434604762,4.003800263993691,2.9319760389314977,4.246792925876088,4.216435324410684,4.634423810652906,3.257395415778663,3.451718604691772,4.007944629517182,3.97387028324366,3.3649927938480015,3.5688171199328282,2.7362417571205757,3.011682960205742,3.683459881129464,3.7476971883022783,4.992525560929145,3.263145111147806,2.998377885053082,4.013088170385496,4.001579653860897,3.9178433968967847,3.9800594692531757,4.013990488129259,3.298703127083849,3.635318054389226,2.22110822146468,3.1113548386651053,4.640113177774726,3.8867477852217265
39,4.81383558285496,4.9474210948553035,5.008307970367701,4.276394096474415,5.244005221259325,4.759673980696873,3.1257025939117793,4.9666443160261515,4.990343381160278,4.996301393396124,4.0196913349612915,4.223919195064963,5.00293807916684,4.343441627229003,4.258773678327102,4.310503352810375,2.973121604121541,4.310861843314698,4.381354442643825,3.5791390297217682,5.007971934826352,4.010757868923962,3.3790400840856756,4.57433946088218,4.986528306623003,4.956012736955616,4.637765779822412,4.820022227789548,4.001025519961722,4.215512782681673,2.251084793439496,3.2998639528562705,4.072021520719302,4.486817625163496
40,4.973589941569663,4.575023152187905,5.1984618142952534,4.976844534773297,4.424090519639856,4.645937557047284,3.9866159738303493,4.9640627113048446,4.496548595659273,4.497848584821625,4.9939027863336305,3.3435141854602914,5.014242995513695,4.712913634366294,2.0499580799113772,5.21366930835474,3.5383773536262377,1.7260905865215752,5.001837917833167,3.861839409172584,4.668673394581738,4.512900272577997,4.96085614434951,4.717336100072667,3.2778800681597122,4.521782101622746,3.5732076087018827,5.091357497124237,3.066526624687102,2.1322172730078464,2.198815826703362,5.3181206867468,4.121752797957162,5.973175761825848
41,4.591997253751396,4.586169061399752,4.79944391905704,4.962735805930308,4.992639523927264,4.982164085885719,3.304983441228213,4.976396217398938,4.9075654232959085,4.834193161765661,3.8960035846260777,3.652821049832583,4.9934574484622365,3.7343152342368047,3.9858189197407192,3.769196108899043,3.4944481691386553,4.145886971424736,4.352480503983905,3.7923391440028538,4.008231171064879,4.219220457530702,3.008796873443726,4.386758572632761,3.983138114509786,4.478242633356009,4.215810345607743,4.693047667386236,3.4577741632409955,3.8092088299967823,2.104582167312325,3.449845817795695,4.124331534128016,4.299406202640499
42,4.028946434591536,4.347736432925702,4.179374563087918,3.9900083669779804,5.008631025564888,4.341161697358638,2.910941293282961,4.456162331480452,4.463336281422519,4.644301911923378,3.4499958840934903,3.762332397322359,4.127234192597273,4.182206021221261,3.83303250204571,3.6061105306834187,2.632886807357501,4.958832327009844,3.034680999244036,3.0031355196377625,4.98258336687444,3.9856799580154005,1.9304686635094652,4.2270217968129895,4.620181273478181,4.28785835717312,4.44192164208381,4.231279414587295,3.4796350814661094,3.387499826186806,2.013642513098721,3.099588646215301,3.99103869529479,3.7321242358000686
43,4.284175184800495,4.271215706013262,4.283885000155488,3.427920620366143,4.009914864554754,4.328425772896545,2.8913079414496226,4.182625261212201,4.102970940753545,4.118476458595428,3.9779571184845195,3.9140493770908042,4.971983557623199,4.978437150102389,3.1501920308335025,4.2231695737076045,2.4640583968800644,3.3636190884360695,4.097851085492395,3.9134140333004783,4.794971884505006,4.094898732623695,3.593091029428457,4.212186629103582,4.100632051830071,4.124741287072747,3.985457870108947,4.0165046071897645,3.4491673966064873,2.949062937300101,3.6068046058222945,4.17199359552821,3.5932446312624333,4.392546605459067
44,4.228504640507576,4.119845432186791,4.108686217988012,3.6798446223077685,4.979007272996824,3.99142353526363,3.9955474343016966,4.073135558889514,4.300350606874999,4.755193258510327,3.577099071286147,3.654145461793864,3.745629798953156,3.851854122007074,3.367575059894423,3.6806380813325923,1.5788930827787646,3.5822361842537926,2.532409040910121,3.0037214721253127,4.997052327598675,4.071794922010217,2.025227256210666,4.950568605615301,4.0452064661822345,4.0136476700701,4.313607364146812,3.9899198938764364,2.219293315583224,3.2060371516542583,1.5354641092715338,3.1574102289186188,4.591822803406087,3.6659827403692122
45,4.628286621539343,4.508425596343736,4.565167739146658,4.031762969143264,4.964840843227729,4.983082987992438,2.0336364972428855,4.949486999326549,4.660978197975682,4.571689274172128,3.06429388717814,4.136479699594142,5.082069523231451,3.8936619016626457,4.965430385837966,3.5655689532081203,3.6051250593087234,5.130929534602357,4.510238314443901,3.9121367403025236,4.212388840846722,4.2353107024551075,3.017241439320994,3.8486879355579946,4.906789409634785,4.318967870165277,4.395688553602616,4.038485121433476,4.997829231524935,4.660786857609464,3.1729217828452128,3.399025443421377,4.277339041995175,3.2640769116542856
46,5.193016459996951,4.933171959332999,4.9790581362652535,4.07677383647587,5.211129504832365,4.999272434060339,3.452951035587165,5.037658544893745,4.97191656741033,5.007679777915328,4.222384011677922,4.6695467068336,5.301749857408424,5.067363818892566,4.104616229085856,4.986136349584438,3.0182291231111833,4.227100587257504,4.476992452488463,3.913583659902476,5.108484020400009,4.986217317710489,3.92480812035499,5.061802681250246,4.979644853135453,4.866070261718261,4.536607822062369,4.843593006373313,4.4807233419001715,4.010102282485731,3.1523377518614955,4.252236195469993,4.841477608602884,4.8272722468780636
47,4.749501989655127,4.913539164372786,4.480722669205947,4.167665966256644,4.874562541764874,4.976655410985501,3.6210476809249483,4.7562267381528445,4.716981225395024,4.972880004272308,4.067436358276114,4.184505091216972,4.996450663122205,4.303464858029136,4.023491430099836,4.298884203841046,2.990796613471162,3.984743281287476,4.048082373636896,4.82967189324826,4.857971511454719,4.976726315343592,3.8018156918238866,4.813362444266733,4.003643653100943,4.476010026039554,4.422717622000239,4.446970642721203,3.751755942163954,4.433613593839478,3.2268469768187673,4.572042046941291,4.01273321144804,4.431354210294794
48,4.608249113353535,4.447698583763714,4.483960915623007,3.7046640712962473,4.526414152513523,4.944222720227092,2.381311693635018,4.672105547071331,4.519797532345479,4.4509385784863555,3.4410159328233902,4.350178937698471,5.273693643611932,4.453133476266737,4.363076705279961,4.096063333558854,3.6014320281047363,4.434849135947435,4.618482775385957,4.669983726192041,4.1196025684252735,4.663569201237692,3.8841400011104947,4.018838152159992,4.3187603972000055,4.226621463256367,4.020927532583352,4.184884427051147,4.978280847520889,4.521949242753403,3.991288786743994,4.006761065465236,4.009674629899423,4.004715391792476
49,4.799159877841146,4.585523074590655,4.69866867436487,4.433517805123292,5.048210565766956,4.952210651477776,3.8767653456272617,4.796645094666572,4.628361554679554,4.9606066159189535,4.09876100100112,3.7916251650286634,4.993425189013279,4.449403650065979,3.5463300241498685,4.265823260522065,3.0182926867601934,3.4446196916105745,4.424395832716041,4.368643383671249,5.04275948118156,4.748962479357468,3.5704104974221913,4.923276404161061,3.907444605572105,4.250933110320521,4.212730866886697,4.265273877372245,3.0226277649693394,3.824647552759049,3.5284861152373925,4.992985411810654,4.984700755996565,4.995148925625582
50,4.3880817628522895,4.748106993849524,5.247681411300465,4.01972571868807,5.081855100474419,4.455517755452551,3.1023717539277778,4.652051454198423,4.98243784925635,4.985584607074375,3.9499041366083505,4.076456818576231,4.979408666070128,4.422355572159247,4.28604379748718,3.747949734913078,2.6932953657400374,4.031055630161664,4.316675508314002,3.785763356625143,5.307660012534134,3.040063084764343,3.0907105676616253,4.395322990979001,4.976342081366594,4.90921243438871,4.975017950410699,4.699049066411427,3.441551763356465,4.134464755225501,2.078483889757926,2.6462526265847504,3.63659539197299,4.3436750825834665
51,4.326285340514383,3.8699504163115535,4.206617003914493,3.5268056203648324,4.304919135882312,4.268627462751652,2.651520237223337,4.18238371778619,4.020340380519869,3.9646348128360325,3.4206892374707225,3.7211246980332175,4.965946347977669,4.007050651046655,3.3173673248736226,4.130304732622258,2.204694265254528,3.3010026203666376,4.11432979469449,3.3673259207339843,4.118700889560928,3.991973128742094,3.452832675357276,3.9296694270821653,3.9793193998512506,3.9829386191577,3.03192273747155,3.987615391543163,3.6369178128298443,3.41927684407207,3.1330346121907504,3.370222249547461,3.6862284237434673,4.705224186023022
52,3.9414943597855423,4.127906822086871,3.90870599589065,2.8548603735671296,4.818064468311739,3.9173223672348043,3.4267341166692686,3.820100035894279,3.9970252880819483,4.949222681379406,2.831678160791635,3.590081451837335,3.0148942587762315,3.3665836221068983,4.09571750223575,2.9508813790508146,2.440073712991138,3.3585544560564564,2.611294145119028,4.537845228426141,5.033046404409799,3.9409421464895313,2.5326867931896406,4.458926785689043,3.629479652470242,3.4628600090075636,4.965481589192807,3.035727405746118,2.803265870084474,4.99362111892648,2.6279753567134976,3.9993800626385725,4.987280340253892,2.182335441004185
53,4.772867889512261,4.976738310979607,5.0316302014066885,4.279601383401821,5.004804311948727,4.657524208472596,3.6814290097453783,4.832397592036758,4.938264054939996,4.989654549081882,4.389983043050096,4.1325649862564635,4.999342936684482,4.365781083942277,3.7771797047107207,4.638678251483984,2.8169211475113345,3.4492664053417235,4.3065922341522445,3.8776460335752607,4.999017180487922,4.136645228803677,3.9886209120871303,4.811208109310915,4.422857890895742,4.955696112329141,4.491296297516509,4.98888275654341,3.6307074429985478,4.028966902025712,2.006573287746289,3.7185481990547236,3.7824269284876366,4.996167863981587
54,5.127516056536569,4.812468264613757,4.969980935679503,3.7434546363073116,5.028156934762295,4.876113883307928,3.4173425195195337,4.772519804875039,4.982349306120903,5.004843758855957,4.225974705093782,4.949840335871251,5.205410973618224,5.30316673989787,4.0034249064261305,4.997473387926892,3.02077011524878,4.208866010834282,4.3265634204643035,4.32231255153577,4.778389521433251,4.993215234139311,3.9947631223200295,5.031880993057152,4.806877204121793,4.830485386378542,4.440837455078998,4.97963053654731,4.5745780843661645,4.150290286714055,3.4300611713449074,3.707455757635467,4.674253511980984,4.6786336837356295
55,3.262343808257006,3.4797320073492783,2.953580468369645,2.0729335654770424,3.768725976568473,3.4656301644004537,2.7790690265364253,2.9886485066350033,3.066388860467511,3.9864227984808642,2.6378789995430805,3.3429230390650155,3.1356402480947225,3.7227545602210386,3.0047287352166667,2.839459912613069,1.4473508834320015,3.1659158531963474,2.0298929233163996,4.980040004700732,4.984687612202895,3.9869243374768777,2.505749599165541,3.707991159215338,2.9032778408622004,2.843248448626429,3.5899142043341197,2.520769026608997,2.479312588342526,3.998314662614732,3.984488708390618,4.0811330500782885,3.3291950449825456,2.720994334652225
56,4.781160950993425,4.751848459728853,4.604583631848496,3.4285153364272896,5.087066770645922,4.8229106714699395,3.3156077803399797,4.536818911391736,4.93112738535361,5.114291579654988,3.6593068576430063,4.948792969769153,4.870276259943677,4.990476490685039,4.679986934026097,4.029026548348695,2.881360556253338,4.98558073076501,3.8326367587169123,4.874679552803192,5.00310497214096,4.785006236865767,3.1205192529683417,4.979338036941752,4.900545144753066,4.517772006606273,4.992987750536223,4.417000170177431,4.301311974409959,4.653642083561365,3.674735506823665,3.4967662644316215,4.604676517245072,3.7133240907855454
57,2.588921412168449,3.751647223854746,2.7083920999923325,1.9904977948939129,3.415705469252693,3.0787871478564752,2.552021094394471,2.7999915202443546,2.952391600049857,3.659308004219229,2.274500813181876,2.6700992516160453,3.2334866828318507,2.0139764360830377,3.640706255352119,2.044745318134096,1.0347814866666658,2.5175145835960056,2.323292336608069,4.986983036871056,4.962056830436241,2.5463347035813593,2.997856308586469,3.0714862482397596,2.656571188142063,3.0177739722062022,3.538321661673141,2.2568758768839867,2.077147720275921,4.972615237873935,2.4800660342725496,3.62319688516064,1.0243163480121258,3.06511911741526
58,3.848437665132807,4.098800889698451,4.009472988971559,3.029525049890881,3.794524772120302,4.229298578693545,2.6866919247351766,3.9525202339989653,3.8526423720435052,3.9410837277059025,3.610619222075924,3.8733596524150053,4.821585270151165,4.967625558801372,3.12625339326089,4.0582743735983,3.0193060957120603,3.389413514138814,4.20156803637982,4.984252514717599,5.041664862673826,4.181956441005081,4.175853610458995,3.8854592424841634,3.685331417735913,3.8023829012943366,3.7102892039278803,3.8035999376946608,3.9893247314038103,3.3219382763015144,4.313834167853451,4.988224190661545,3.0189504869699686,4.992122481254447
59,4.626881194020175,4.586564096233688,4.19656742704772,3.0356164495765485,4.774425763814954,4.706042770269913,2.8395247756904816,4.4110029469491,4.26594050961656,4.64059409257395,3.7036743274123674,4.459245959940828,4.935504028917223,4.989824122407893,3.8293516828802403,4.9739970703444705,2.9135475457973508,3.8976790402336703,4.4221160506964905,4.020565383462966,4.999206849090308,4.948259897944349,4.1359225119159575,4.42856749694057,4.519466974865138,4.287713293889901,3.8917567904140298,3.907777875918054,4.460203056418457,4.971218418902956,4.983044758624274,4.9894168377000065,4.936505139986799,5.000455983785717
60,3.740853297703734,3.2378642136986464,3.810294684809663,2.923186469996875,4.100470772246942,3.740217921576412,2.8736376397600085,3.405028491304365,3.458320203730371,3.97241867290938,3.4130844134479092,3.29663407619244,3.8600968044019424,4.983317476472237,1.9059343710130277,3.8340238530886572,2.2858644924719527,2.796895701883882,3.726295429493808,3.4805138202450223,4.54869736559348,3.736557912372138,2.5741692169139054,3.8422048991247424,3.3378951260355207,3.235651150501049,2.871336884502733,3.349027024240638,2.0282761554337823,2.6918147765724334,4.978639314827181,4.002128111111644,4.972274344790393,4.981039768915771
61,2.856185662090742,2.472456080626375,3.039407461197251,1.824674416085405,2.811818082758706,2.6263335380345674,1.268584250508931,2.4886398745291904,2.5231742229794514,2.7522136857450294,2.8187380471769643,2.9619526918138637,3.0677821793169624,4.96303995035445,1.1967307390380122,3.054570708159135,1.3311313371234381,2.9406989615973367,2.4213016304697383,2.402055919796116,3.981104298909515,2.5667735621287884,1.5153020224553846,2.5327199132687817,3.3849851027298734,2.7500533065075605,2.408218721092016,2.8067014967204704,2.1658639709712584,1.0148120531975895,3.981247421380336,2.0167820340698044,2.987653772660732,3.00290673758132
62,4.435846926680242,3.8660179098557834,4.3308098400218205,2.875447609421901,4.375236896712718,4.553890003196173,2.4420086635028904,4.244116735827818,4.018345970092617,4.2524714446562655,3.0784094073500645,4.310725658067751,4.7560084582301805,4.989671361665172,3.8120579009229645,4.1948622553818025,3.588642827879374,3.7313996508963942,4.49041503489216,4.989468434722692,4.626820433342333,4.790731640898142,4.160287715453671,4.074820516719062,4.07543952177348,3.6005885520199623,3.801691177347573,3.5842530644558437,4.979123374395944,4.176818908129835,4.987877910487228,4.995512953471369,4.990454253793601,4.192865854378075
63,4.353228767339639,4.241162169916673,4.381838610142859,3.668404840452393,4.17984230762121,4.098181008515739,3.531217412920373,4.390141365723682,4.073501503881439,4.080925345417539,4.229366328111961,3.7078241737680018,4.515761353917368,4.965207809586133,2.5660657664131943,4.9715479079777545,2.60176253906459,2.7039444295539483,3.7016575123088584,2.9713770962795176,5.129332368666946,4.463814688484025,4.023919303531094,4.650867038443367,4.0053999489917995,4.198059658645945,3.9529477943128493,4.369637443608755,3.685127318513902,2.0023485031666457,2.0231158483881386,4.978948773926211,4.005827669761996,4.999862224169237
64,4.588206766015781,3.531772968049732,3.9215637279185693,3.4754668503475847,3.903747307279474,3.8667691921782517,3.219002218952633,4.147391197029595,3.6092219387502493,3.5874177994436844,3.811596055510529,3.5644263373725606,4.017337722558434,4.771411093959787,1.9730373461549673,4.9615810358579235,2.2667242989983922,2.501234770684854,3.207281702295212,2.012684737436743,3.998353687607616,4.965209443984705,3.3488978360562793,4.529549190376279,3.7060272154412908,3.5812293917553277,3.1151391018775776,3.97339487472678,3.574791115272668,1.027958007033912,2.0069206235987136,4.458398803859645,4.987650000117061,4.002096524146465
65,2.3846363081640223,2.263477713939162,2.6306368821117867,2.5110154862649323,2.5360738741268687,2.623747703010977,1.721170102789147,2.823567115751027,2.3196791594428348,2.312333064889507,2.1240524628950186,1.7912101834720535,2.5307057889187705,2.9332927033440663,1.5072534084904836,2.5556887229331036,2.9683925529104283,1.8417021949589876,2.857458335445943,2.010610647582754,2.983318900643113,2.6312151860030477,2.376294169352282,2.378162572899608,2.163818797603845,2.0832854249154824,2.3349605985053623,2.3006241740501374,2.553370657267425,1.0126438555635051,1.8245946376552935,3.984424140562771,2.997865238879691,3.1556086697866674
66,2.9882167234498214,3.1593234129637153,3.5471353456182633,3.1099113737027535,3.2949636810391842,3.6653896550518263,2.4498857341592926,3.3295373756985533,3.453979840987744,3.5554202368345287,2.621116172784832,2.765564479888627,3.5464596279133733,3.1257385402805626,2.7919665678160346,2.5637581650128403,3.9701525127230886,2.4910434740892313,4.001951160102286,4.969906436822293,3.0065086255656372,3.187263076965289,3.4689941030231983,2.996323275649237,2.052138772889344,2.8005345710630456,3.0236799346732424,3.21971064448032,3.0084839095676514,3.5633083875943345,3.2948991458532424,3.9287915609380435,2.9578265765941962,3.9863986715710173
67,3.5368450199393213,2.889752328100078,3.126862359984062,2.440391881332598,3.884294169844188,3.1076639416190073,3.2351490872500395,3.269980406703729,2.758199519608101,3.372586619407517,2.714847375205586,2.602258817828615,3.148853385921399,3.61319629065879,2.0358021287969432,3.714385953792644,1.0193780889925268,1.7264193304428768,2.5118858193029734,2.0161450658798326,4.985490460954787,3.781476796608155,2.5640042891737216,4.088179608728352,3.235427425397666,2.670637793514408,2.895643298322115,2.365878111544879,2.009800460255441,1.9265640109483786,2.52199945405192,4.975449513436378,4.9653294257201965,3.991211323255619
68,2.2901524889855733,2.501333516411225,1.980503128659093,0.838174178804431,2.3818881498298734,2.3560509405934913,2.0127220648830457,1.8488158638675642,2.0448426461943945,2.8593661533768047,1.1670381076441658,2.255538202106794,2.110065885306517,0.9987517844591591,3.1747436807058307,1.3072120138920624,1.0123164428263245,1.0178297816242954,1.8428910131845526,4.9719331636246205,2.790904645215498,2.45317714962331,2.941144568070725,2.454831938466589,1.2821091388845982,1.6515406375824333,2.6242594527726624,1.0664321219042034,1.9030058814355562,4.963359375928829,2.677108913889824,2.9928570502338205,1.9004103137972785,1.0123170385632039
69,3.714062794698978,3.874194408747593,3.822210809188751,3.4428458033231726,4.015969118088038,4.439038142011866,1.5628856195596925,4.110565247778231,4.109430929444687,4.179815103702147,2.522295428458257,3.7150240311892944,3.683999005399509,3.7689955339231562,4.202922142788833,2.5311242103334037,4.961516200395015,4.96512292869647,3.9919440589971793,4.982807530607841,2.9997702191977846,4.002568608971539,2.5907585751300597,3.061650902569891,3.4974808093479757,3.3461562380351264,4.267064561820206,3.518174175699399,4.656559185878022,4.403709041174416,3.8007141333933316,3.303741937376133,3.9185357623598427,2.0249256427601443
70,4.060545326989041,4.49344942127846,3.8528768330291037,3.352061396286865,4.207457886893205,4.537531158287913,2.2942747846520812,4.263162376976529,4.2133126418304165,4.057234751817825,3.2173876528693777,3.837464428741894,5.181675731730121,3.606191792232227,4.282577304669829,3.793305776911085,3.0155673094116153,3.9785368071225142,4.9552946782169744,4.013455138955664,4.004461797071506,3.7944036028677695,3.8818677343694254,3.6454011804604223,4.186993834481923,4.185255780123999,3.530365716624939,3.74208001326367,4.0463001720032645,4.973619245765931,3.9982715569486156,3.9901004167294936,3.0133607121022457,4.99513124105674
71,4.260221411490404,4.048095598181722,4.168937609554293,3.1055468063806595,4.451118334187644,3.9440645647946586,2.3644244219181143,4.138827208869286,4.04486200226026,4.016680169766499,3.345578889979306,3.952500204594278,4.458980993486804,4.5261827862917166,3.5077590308433715,4.028742086910577,2.000656342493242,3.998840714292046,3.705662533074653,2.628153152895111,4.851928563308942,3.610707834285981,2.747772607505222,3.995135736333908,4.943924423924817,4.184364965030459,3.836948180548627,3.903199483362919,3.7663929481344898,3.003456984794197,2.714949706972238,3.0000079172788072,3.878711915719527,3.9950965974234762
72,2.4764402310760767,2.942415233791496,2.8879385591970377,2.349053640453885,3.2742553885700656,3.270452253182677,1.7229033940792098,2.931747606752483,3.205020564488963,3.4734856958528426,1.7013893302690852,2.706249648302218,2.5454067996671537,2.008245430621161,3.49897442937423,2.0825997043833175,3.955829065130211,3.0006528341150625,3.01866377103855,3.999517055729242,2.00411526047287,2.8917385942859317,2.672062852330625,2.410997977544083,2.032306859723357,2.5138174962612028,3.093422386378701,2.634786506874308,3.5334654485005283,4.9631687276671235,2.558700859281399,2.743273131211791,3.114220136138747,2.273652086851749
73,1.3415716667380742,1.839777144592757,1.2137137532064801,1.1157866308728346,1.518139772804053,1.7134296591405171,0.8855182569497497,1.508944103484443,1.2263243023444286,1.5324753726737348,1.5619391076397435,1.2762133642317517,1.9259688767285852,2.3447922290520937,0.9109155866458303,1.6015076155506647,0.9871346433996206,1.6084416405204736,1.7605960384962527,2.0142279902243527,2.9761855370497936,1.6404970211029224,1.434126029666852,1.3695638423810332,1.6215724159012233,1.4625873156463192,1.4368204159780769,1.088694537747125,1.0087720189596785,1.3002675309268306,2.9768352988861406,2.9895701016225695,1.016758583372033,2.540268908538213
74,3.3827289018185334,3.519006514416302,2.8943461724443895,2.235825818128107,3.292066487063783,3.418370540940261,2.989515243089146,3.07069423726592,2.8569028491798907,3.458392464953042,2.6994214930372893,2.8693556530784616,3.782209169475858,3.1017111669283683,2.936877941269446,2.7593402605455672,1.0318501633328594,1.993392005250574,2.9827020458449236,4.971629924488734,4.994656820425194,3.6075275553150643,3.424603566815172,3.734686285599469,2.6963909171948024,2.759341037287421,3.2218765235701783,2.213627075239191,2.0087166712050033,3.453580077780482,3.645951985166816,4.978721922868958,2.549724956443124,3.572585791067671
75,4.200884211238983,3.7299444199150074,4.037765471251303,2.8493677962023978,3.860134977348563,4.4415627516103395,1.9226481998319396,4.124197624080938,3.7668682184291624,3.7882170867553207,2.7781934301805777,3.9149689919532484,4.746938773069556,4.358750454514059,3.8092205397925727,3.7538482701980636,3.994827086457125,3.424047425374245,4.979614310662125,4.993157770531414,3.8855557384194266,4.373842179022033,4.3766023222862716,3.500668597022676,3.69990045092575,3.3433365721057218,3.448513690393253,3.2647085420108057,4.980515510709393,4.181322885409302,4.984548130386283,4.993059400484194,4.308510637998865,4.006574880255422
76,3.178211895317262,2.8303918203873235,3.776437814307012,3.3399469358316796,3.4800217619991876,3.5828067888037136,2.2688938356317623,3.5927384257836765,3.4110353875394583,3.2120635575726686,2.8599984488681214,2.7322895495953174,3.7627263366866393,3.9632948738171954,2.076029101693212,3.481608200226381,3.970500014438441,2.5630973599283484,4.246024470619405,2.903050312110108,3.1128732017446543,3.266118279552146,3.1911695074618405,3.0709553300026884,2.7708797139235584,2.9678464515734557,2.5495515839587366,3.5521844171835006,3.3585491857961958,2.0121482304736786,2.995221489196107,3.9998906381314656,3.9886733193948185,4.976693584740822
77,3.711334163633395,3.1758563326433364,4.036085179635718,2.8157540952333417,3.21895612637217,3.64118477456182,2.6470139436627216,3.489892758423749,3.2210888318067488,3.3117888039070658,3.00104671681686,2.859683181106881,4.4072798404400695,3.6611309056334767,2.4248694416944216,3.377147271711367,2.998619342465014,1.0302217275055447,4.966273607241585,4.978295672711056,3.991024871403172,3.1744366371932715,4.796697454816853,3.3795014185923047,2.487242985724615,2.927596976479849,2.6539323429429746,3.0274861387828143,2.9388777734386036,3.0062029347594974,3.990497020169373,5.000488867564971,3.2937714521368466,4.99010321216188
78,2.7072120456241953,2.536708056018604,2.8267511979403177,1.7609133133600636,3.0130698754339793,2.4485603695097464,1.9008728051393868,2.742325400479639,2.468996828903857,2.63093765725503,1.9746658030050495,2.5019647116481445,2.8426282430412124,2.7086958460392347,2.487939032626137,2.806505007942833,1.0093088588683465,2.0041796585960108,1.9681892490947877,2.0059995068204133,3.9694204188358797,2.541958352090929,2.441610440629954,2.8537766780494755,3.1092560052720586,2.56961584834524,2.689863346948955,2.3150379232605864,2.970617840886977,2.05452621244265,1.0096972486101317,2.881227733667372,2.5385597157675983,2.6151206267055818
79,3.940467554092932,3.955457673700922,4.497074998543916,3.8599939105015952,4.080266454659031,4.254597748768411,2.7131181108225997,4.122337881454859,4.142997059121791,4.223080020319106,3.419270216807468,3.2240312153562667,4.387342743115624,3.865437164021629,3.1630442414759243,3.155800498789455,3.9758650526706214,2.83925398854449,4.9650669056304135,4.982779709370523,3.9872268015079775,3.262408518081986,3.7536427145353546,3.5828280152849947,3.1563121343415705,3.698303222523619,3.6881190092017593,3.904175858023721,3.0197529322000722,3.7130819176025844,3.5994562717673224,4.007878555009863,3.5394238558247886,4.549085764661168
80,3.6734453926334494,2.5420317735163827,4.094634778182815,3.2881191559341367,3.20933755508431,3.5033419539806228,2.1332453337189787,4.06067451783858,3.274831450858448,2.7110006714881516,2.272731805263196,2.4702424701612626,3.657646358061703,2.7966665762351233,2.6419498049438954,3.840225030615872,4.967420836941013,1.0269735079832587,4.973872802175004,2.0209757172886684,2.0032159593084873,3.4590709613131896,4.709044973487334,3.1102120609752095,2.5929868033879977,2.62062051357631,2.604107318227083,3.201677644629572,4.973349769213131,1.9151441877122417,1.0184173349735526,4.979515939304208,4.983626043659071,4.000715610254435
81,4.160267476313653,3.192797319049194,4.371133255674385,2.526159508330318,4.429441170107043,3.9669874468929436,1.902584084097263,3.805824556985942,4.034487838228921,4.1357560616459,2.3350393432091354,4.323543791657441,3.9908828724517287,4.091705379908646,4.1153599496890765,3.4362649363079028,3.009124515485086,3.990158877002437,3.48782110928501,3.9783358835836315,3.3257288972147308,3.8972577306624867,2.8759549758864695,3.6124941939791966,4.141467566152901,3.443720562611974,3.5551476323047626,3.650038157072648,4.965720851065313,4.306968689701322,3.2816650264603457,2.027255444354725,4.9724171578647045,2.53729757323583
82,3.9517052782128577,4.143861725219736,3.7691361901621545,3.308227763892841,4.417136485206747,3.9892036992856563,2.8013167069331324,4.026644217472381,3.9131868825539193,4.177694445725412,3.4491571537782404,3.6338654769050014,4.068130435246932,4.23498543056696,3.2487270271543043,3.8697629714703043,2.0000046186176133,3.984331651337327,3.030139508893901,3.0102005466582673,4.979543013475086,3.9856235424540656,2.516668949975154,4.076823694350102,4.258276700819907,3.9848496235713227,3.891030949505882,3.761130940678301,3.2011640957206478,3.15846797810731,2.640553594554842,3.6173329343497755,3.6488652033941453,3.895736271033047
83,3.8664690182486208,4.2461830484515,3.550664796016478,3.319687573685001,4.430162889950753,4.599080827205742,2.455437346673534,4.200050029491006,3.993333703231101,4.181459758643031,3.3066292064572016,3.9337342318940225,4.717064492725505,4.894843692479285,3.6102229434422544,3.978384355244935,3.1452952626982036,4.962374897541409,4.003175582273847,4.007184320896002,4.999960309570561,4.671955376394431,2.921210054909728,3.9137982720908875,4.300885156503211,3.8473413884105274,3.7350309196912415,3.6102284335963373,4.001121623135172,3.8414749011214164,4.984769406238023,4.981986961179318,4.000518916847071,4.988285003695402
84,3.3508495282236908,2.7697794509666207,3.0316681953005573,2.0449025039338817,3.1158794792937536,3.8083450823393026,0.8660391621000736,3.2409284629596566,3.168638421543424,3.013186902306025,1.8213104309379395,3.6946925582447308,3.8697134414050876,3.781715403746476,3.5130228250759474,2.985976024247341,3.8141760677398304,3.9808230753690026,3.9974067201417043,3.9895391354160714,2.0261608545128715,3.9755191071285836,3.015973193848393,2.507271506465641,3.1674491725256386,2.58723547640546,2.5202470271371844,2.709795151903902,4.973340447229572,3.961509690468771,4.978696209703525,3.1187972450956174,3.9911898682907756,2.7337865486375628
85,3.4507638864963237,3.2562709783802255,3.42798664632351,2.7575631545892723,3.160743917532618,3.6504524580772117,2.5486340237476615,3.4191647331508723,3.1225956553165686,3.3107287582248572,2.673630413111209,2.8542218215922923,3.897271224237586,3.3612069246183127,2.8066232274002676,2.883490512719068,2.9561274926943586,2.0017468551925357,3.9824804893064676,4.971012397877862,3.9087200623481952,3.5987510129313502,3.937062911645908,3.3651183194457266,2.4655564162951236,2.7083863236981585,3.0898134207867076,2.7218983933755627,3.0691588371569978,3.0102107874191333,3.5517009015862837,4.98559462478781,3.0775699494834443,3.769801144807997
86,3.740234801104847,4.085646409632632,4.368117595039172,4.125985538680939,4.479657962467298,4.203231805884328,2.9542910327707252,4.420852842303705,4.544313244239333,4.123763259398344,3.3528432734122218,3.527173716346795,4.605502626217238,3.4999689529282554,3.8101285211209035,3.7017750585434808,3.3024752611118338,3.968525703246776,3.9842019577370493,2.9922302522209985,3.9029826518999866,3.4523660550092536,3.1417128745221086,3.9339695738234006,4.024209337834164,4.286773480024542,3.7922254559980666,4.602883183788572,3.9887318111032077,3.2671719971558097,1.0310627880529881,3.001847245153448,3.0014551410707577,4.977663368323677
87,2.9541855030214332,3.2422755404296355,3.495053733181129,2.829567360118812,3.9587554255529844,3.1344793388465257,3.7991064707481894,3.194116206270373,3.3396203433817595,3.916935122079943,2.7836601280798585,2.6782473379891845,3.0611817452700536,2.8504601101909666,2.7229780579746814,2.8985457576345546,1.5014203641259494,1.9780770832062657,2.0291085502672845,3.9691241457324757,4.984054403229593,3.228833142900472,2.853945849442938,4.066942915893391,2.5166680690768284,3.006946090782842,3.5413818688589216,3.120114983523663,2.0392158408346264,2.9993085167494873,1.0237829646135865,3.995477120594771,2.9874105995665334,3.974746921574132
88,3.7073124513141105,3.5120890404979233,3.42947561910435,2.277803290133159,3.8078595865556544,3.875717163939765,1.9838903060973814,3.6106828474021313,3.2031672582452417,3.5680214731647197,2.7626094366197114,3.603877773131419,4.232902115295297,4.619573637782187,3.0944736604071417,3.7940534418638197,2.479120449689638,3.4205345711108976,3.7697592870184025,4.009687736133083,4.9790498777541465,4.106669827290732,3.4503622923652846,3.4649407941951837,3.884747041018831,3.1739953646940227,3.2173791353141215,2.7876830767666263,3.983465306090003,3.4678582682023262,4.974539424691742,4.9918503384109965,4.0009268851919195,4.159721892210448
89,3.976729425176176,3.414290131534867,3.5233340271187825,2.3382651627787787,4.047341687198304,3.7297416547148714,2.780015656438439,3.5060379869032388,3.1651816795192267,4.104595372734048,2.4847919578039663,3.3234967357045924,3.1684570413215787,3.7639692957570365,3.293567613213492,2.9078687282237308,2.252609712602609,2.6460144080866224,2.8423970007696733,4.981736294363275,4.980494207760915,4.260557743950387,2.9776894489061974,3.9970744051697933,3.1738786711015483,2.659164354175701,4.019189905517432,2.2771442141263307,3.0063447752263843,3.7771914345900766,3.9933049025712557,4.986604701457719,4.974864036645667,2.0245951342298127
90,3.1418007359046465,2.4277404771614184,3.172236432097285,2.087329156401176,3.267965385228494,2.8422518549558076,1.8182408924545728,3.148422190694741,2.799651729512337,2.828381388676191,1.7629998806451412,2.774251123378295,2.791260982787192,2.708816855757146,2.9182413938018303,2.953075520089262,2.323835943958031,2.2694202364240206,2.457689364752665,2.004893546000889,2.988533113875483,3.1546686873826295,2.6254434933723356,2.999475028311646,3.100158238075169,2.46101573238862,2.8873118283237016,2.5001176650772057,3.9679590444095902,2.3410497028196002,1.0146674420609758,2.9953255904276634,3.982119570175081,2.0076202173073217
91,3.5867368800668733,2.8935777763584265,3.1366055774636417,1.9882420630387894,3.645329024746601,3.468213859513612,2.103243561019895,3.1584264614762954,2.953931180789733,3.5878983497156947,1.981544007191056,3.1985860079536264,2.985868188747363,3.273045237821822,3.2059823792163207,2.8379494155101046,2.568159175927337,2.640125200813634,2.9929521398144505,3.9954660383229936,3.459713018532754,3.923134632266504,2.768856372113882,3.3485095595471512,2.9020584418360453,2.388487510382137,3.205998438745435,2.147081323892787,3.357365599315484,3.987487356375446,3.9882305739485933,3.990476323560752,4.971768718631347,2.0148903596512007
92,2.4158437798807366,3.3158089626767087,2.9676835972422295,2.7790566700323565,3.1433709845158595,2.797139043299045,3.027095563099992,2.979227405815993,2.8930377249532855,3.037629972930249,2.963659048716927,2.110351093662161,3.4785036241681744,2.7314608287384994,2.1201196821967394,2.87049151401996,1.129601100660071,1.7956695011376018,2.5611823065613404,2.994466157155251,4.9696212127639665,2.3219899200530225,2.9792042144575186,3.2426614955641204,2.615156161023025,3.145068531261174,2.865816159355722,2.9858510803257206,1.6335495321096554,2.0716765810962614,1.0160399213563982,3.991181023584995,1.0213447771692814,4.974206758574165
93,3.027907601236144,2.938345219427243,3.2731759533430944,2.5811810678637594,3.962040952281169,3.113253157813962,2.5185135702924932,3.1551318997607707,3.183862953233271,3.5205696851116417,2.510475486825838,2.767949821747836,3.1447752676605183,3.258955419647473,2.547546608935163,3.2103180146340944,1.747732798831879,2.7745724527460203,2.665848079703063,2.0155216286675577,3.984892377458453,2.9283473465329024,2.0128625006424503,3.347892693772148,3.3157656668883297,3.0478293072960416,2.8201013551683682,2.953668008558793,2.385093275503944,2.982943775667243,2.290282168650965,2.9302923655106974,3.981161553513166,3.9810762643014277
94,2.328263263203116,2.4423752182761502,1.9818757170769206,1.6331402583935968,2.019332119788631,2.8464328276103896,1.4940559668769389,2.3296363655568353,1.9086208909177784,2.1289908638927986,2.144703943395616,2.2148323191360615,3.3447734788485843,3.517116978310885,1.5679748596799847,2.5436607732864176,2.072404511115532,1.9636589078176434,3.273796231187713,3.989722536204945,3.588080671191991,3.120558751372457,3.087831700472423,2.251187869379095,1.9390257843968888,1.8665100128840804,1.7869594253439793,1.6653110125355588,2.296755095570465,2.0138668274859355,4.969828100653456,4.979170220585487,2.012847266253796,3.9894569057947957
95,3.904001018812285,3.7778995971921296,3.0056600715788875,2.606804281964135,3.6076026194380972,4.223346046076876,2.709112867745307,3.661372463743514,3.4993788974715954,3.8274314269775322,2.5074799385960773,3.628978443372291,3.8985253016116834,2.9518414196970237,3.9208993492881783,3.390970889309326,3.1684403298055646,3.037201061634951,3.62380888361481,4.990998512018837,3.022837645505828,4.964691813911981,3.9693357299343024,3.827649312878474,2.6399002968543956,2.9233775071809194,3.3426351532909604,2.7632922964237174,4.064468707328398,4.977644977555563,3.9972422396191183,4.984433027654997,4.000800012803374,3.0028895801293225
96,1.1585324240221637,1.3772782585105408,1.3561576970557028,1.7319362198870045,1.2171767577755985,1.7228810564762016,1.5984618014140028,1.6499845890800389,1.5070100808805276,1.1004143212683666,1.4166605166743673,0.9222770631842507,2.241982031133784,1.1650198814456298,0.8798861486540959,1.9318337220493178,1.9071996494411492,0.45338086781059744,2.4895863061519092,1.254017244941339,1.0279735529460334,1.6752690146964877,2.46939658901547,1.5230203042754806,0.6300909468496148,1.3303526540261637,0.5946210450431906,1.6645724223369087,1.4786816876930644,0.9974065515679964,1.0074206522770877,2.9769284207233193,1.0044879450914979,3.9632667018171666
97,3.9184254719426654,3.9192106493510073,4.111515931047365,2.94018604086132,4.378339343916611,4.200357915522574,2.8510885164754134,3.8864187615494634,4.056543033678575,4.300413849986997,3.087049986476687,3.830817384260338,4.53897644600322,3.8310567221666663,3.73101885094581,3.901250367499666,2.914591144187266,3.098451823934779,4.315222970362732,4.4785562539922354,4.194041726380072,3.874166653138122,3.988261129449909,3.9087522368167336,3.565312166031772,3.7760055652932607,3.382509627750891,3.688884675227844,3.783797038246037,4.977162484229816,3.9916358351682053,4.006446712409026,3.992551301322943,4.981079955590564
98,4.208113027447119,3.7732720181342136,4.232890099912447,2.8389350697687497,3.9189620238145744,4.2737965722693145,2.4952658911086503,4.127491650211436,3.8631646422023254,3.774181093022222,3.087639601450953,3.9618076173909893,4.957252498695212,4.2902294773171645,3.5980496632188306,4.382593792363474,3.4424977615884287,2.7320095149102452,4.858199525127632,4.504661229007296,4.112143943408857,4.3242817183875255,4.971015069796247,3.8529758926958033,3.68271140360065,3.633186563953912,3.2412824994037988,3.665229623761473,4.980895763687146,3.998492109542766,3.990660659014886,5.000864485739305,3.9988188922392687,4.990244164009444
99,2.516764363768019,2.0229769677489995,2.068447934112569,1.7025170896353996,1.9923151359113078,2.4845985574750595,1.7732232146757578,2.4202227909873253,1.726056840150735,1.8863131412780878,1.8935347940477198,1.8452684126140175,2.6867720175202456,2.922543176648764,1.3286725170400846,2.6489230424920756,2.0115321153681696,1.0398243815454866,2.7764424322714287,2.6631013706501,3.0952216230452176,3.151958892206774,2.9880537754118257,2.498565853949565,1.7962329487860853,1.551009487935962,1.8476764414958988,1.491131164458282,2.3884909707405644,1.0188157250561036,2.9893050765083506,4.971759130311495,2.992405902205722,3.001954128496272
100,2.4565017663300384,1.926324060189944,2.702456463748194,1.8757425725040555,2.6630473664161087,2.7713485617296225,1.3351559281251368,2.486069390713833,2.383052985431927,2.227870543498306,1.9822289681647962,2.496493469148377,3.5395221995435464,3.439033423579118,1.6091685083721754,3.15042698068863,2.2759736765706373,2.0938174661472133,3.5766583625298747,2.3580108902832695,2.5604038973885386,2.68119866768725,2.8389098869377825,2.1672557858673107,2.4122283638642563,2.254397938216128,1.0238182329184233,2.5419715131337455,2.9870094328988297,2.165821600018185,3.9827801671320326,3.006352950860222,2.9904879585148376,4.967228595054498
